ano,total_vendas
2023,133305.52000000002
2022,117650.51
2020,126569.51999999999
2021,108649.27999999997
